backbone,sampling,way,shot,train_frac,chance,notrain_standard_random,notrain_group_safe,trained_standard_random,trained_standard_random_ci95,trained_group_safe,trained_group_safe_ci95,val_best,best_iter,group_safe_train,n_train_per_class
videomae_v2,uniform,5,1,1.0,20.0,99.45800003230572,99.39600003600121,99.49400003015995,0.062054859206899876,99.45800003230572,0.06484678496635214,99.46666669845581,300,True,130.77142857142857
videomae_v2,uniform,5,5,1.0,20.0,99.88000000715256,99.87600000739097,99.88200000703334,0.03002113336835269,99.87800000727177,0.030522654725641866,99.66666668653488,100,True,130.77142857142857
videomae_v2,uniform,10,1,1.0,10.0,99.07199979782104,99.05999979555607,99.20199982285499,0.054680835835232304,99.19599982500075,0.055276125409137455,99.09999978542328,400,True,130.77142857142857
videomae_v2,uniform,10,5,1.0,10.0,99.78499994933605,99.75899994552135,99.78599994957446,0.028498999751966295,99.76099994540213,0.030445558008302783,99.43333319822946,100,True,130.77142857142857
videomae_v2,uniform,20,1,1.0,5.0,98.54849966347217,98.52699965417385,98.81799972355367,0.04633184014050133,98.79849971592427,0.045877819673540834,99.09999978542328,700,True,130.77142857142857
videomae_v2,uniform,20,5,1.0,5.0,99.63799991369248,99.59349990367889,99.64399991512298,0.025952537822071048,99.5989999049902,0.027539220083212586,99.43333319822946,100,True,130.77142857142857
r2plus1d_18,uniform,5,1,1.0,20.0,91.87600046992303,91.54200048446656,92.8680004183948,0.2232805308402881,92.60800042927265,0.22796604977025783,93.86666701237361,1000,True,130.77142857142857
r2plus1d_18,uniform,5,5,1.0,20.0,98.17600010871888,97.74000013381243,98.2120001065731,0.11629103310582715,97.81200012981893,0.1284849157974725,98.46666675806046,100,True,130.77142857142857
r2plus1d_18,uniform,10,1,1.0,10.0,87.05399933576584,86.63999935984612,88.56899927198887,0.19184208560860952,88.1549992954731,0.19433275732240454,88.63333255052567,2000,True,130.77142857142857
r2plus1d_18,uniform,10,5,1.0,10.0,96.6619994544983,96.19199940621853,96.3789994084835,0.11330489547671371,95.80999934196473,0.12060596317319745,97.06666614611945,200,True,130.77142857142857
r2plus1d_18,uniform,20,1,1.0,5.0,81.85900026619434,81.22850024789572,83.56450022637844,0.14458482214586524,82.95550020217895,0.14760311567336892,88.63333257039389,1400,True,130.77142857142857
r2plus1d_18,uniform,20,5,1.0,5.0,94.95599922478199,94.20099922299386,94.45599916338921,0.09273112888904711,93.63699916481971,0.09896006779139849,96.99999948342641,1000,True,130.77142857142857
